available_on,event,level_kind,level_value,threshold,market_bias_asof,market_bias_after_close,close
2025-04-22 15:59:59.999000+00:00,bos_up,high,88500.0,431.10583333333335,neutral,bullish,90881.2
2025-04-22 19:59:59.999000+00:00,bos_up,high,88500.0,426.6720833333334,bullish,bullish,91356.4
2025-04-22 23:59:59.999000+00:00,bos_up,high,88500.0,435.3529166666668,bullish,bullish,93404.9
2025-04-23 03:59:59.999000+00:00,bos_up,high,88500.0,431.42291666666677,bullish,bullish,93126.0
2025-04-23 07:59:59.999000+00:00,bos_up,high,88500.0,424.52416666666664,bullish,bullish,94102.5
2025-04-23 11:59:59.999000+00:00,bos_up,high,88500.0,420.6704166666666,bullish,bullish,93425.2
2025-04-23 15:59:59.999000+00:00,bos_up,high,88500.0,423.60999999999996,bullish,bullish,93140.3
2025-04-23 19:59:59.999000+00:00,bos_up,high,88500.0,404.6708333333333,bullish,bullish,93436.3
2025-04-23 23:59:59.999000+00:00,bos_up,high,88500.0,400.97625000000005,bullish,bullish,93632.1
2025-04-24 03:59:59.999000+00:00,bos_up,high,88500.0,400.3325000000001,bullish,bullish,92632.9
2025-04-24 07:59:59.999000+00:00,bos_up,high,88500.0,399.2512500000001,bullish,bullish,92166.0
2025-04-24 11:59:59.999000+00:00,bos_up,high,88500.0,400.1620833333333,bullish,bullish,92575.1
2025-04-24 15:59:59.999000+00:00,bos_up,high,88500.0,388.1629166666667,bullish,bullish,93144.8
2025-04-24 19:59:59.999000+00:00,bos_up,high,88500.0,385.5583333333334,bullish,bullish,93497.5
2025-04-24 23:59:59.999000+00:00,bos_up,high,88500.0,387.0037500000001,bullish,bullish,93931.6
2025-04-25 03:59:59.999000+00:00,bos_up,high,88500.0,385.76208333333346,bullish,bullish,93262.9
2025-04-25 07:59:59.999000+00:00,bos_up,high,88500.0,385.4891666666668,bullish,bullish,93734.0
2025-04-25 11:59:59.999000+00:00,bos_up,high,88500.0,380.8879166666668,bullish,bullish,94602.3
2025-04-25 15:59:59.999000+00:00,bos_up,high,88500.0,380.47416666666686,bullish,bullish,94999.8
2025-04-25 19:59:59.999000+00:00,bos_up,high,88500.0,376.21416666666687,bullish,bullish,95229.2
2025-04-25 23:59:59.999000+00:00,bos_up,high,88500.0,374.9541666666669,bullish,bullish,94591.8
2025-04-26 03:59:59.999000+00:00,bos_up,high,88500.0,374.43333333333356,bullish,bullish,94685.0
2025-04-26 07:59:59.999000+00:00,bos_up,high,88500.0,372.52041666666696,bullish,bullish,94520.1
2025-04-26 11:59:59.999000+00:00,bos_up,high,88500.0,372.49375000000026,bullish,bullish,94095.6
2025-04-26 15:59:59.999000+00:00,bos_up,high,88500.0,366.54208333333366,bullish,bullish,94325.0
2025-04-26 19:59:59.999000+00:00,bos_up,high,88500.0,364.446666666667,bullish,bullish,94261.0
2025-04-26 23:59:59.999000+00:00,bos_up,high,88500.0,363.42041666666694,bullish,bullish,94575.7
2025-04-27 03:59:59.999000+00:00,bos_up,high,88500.0,362.8787500000003,bullish,bullish,94121.7
2025-04-27 07:59:59.999000+00:00,bos_up,high,88500.0,361.28875000000033,bullish,bullish,94027.6
2025-04-27 11:59:59.999000+00:00,bos_up,high,88500.0,360.03125000000034,bullish,bullish,93871.1
2025-04-27 15:59:59.999000+00:00,bos_up,high,88500.0,357.51125000000036,bullish,bullish,93857.7
2025-04-27 19:59:59.999000+00:00,bos_up,high,88500.0,352.11916666666707,bullish,bullish,94388.9
2025-04-27 23:59:59.999000+00:00,bos_up,high,88500.0,350.0087500000003,bullish,bullish,93697.1
2025-04-28 03:59:59.999000+00:00,bos_up,high,88500.0,347.2583333333336,bullish,bullish,93799.9
2025-04-28 07:59:59.999000+00:00,bos_up,high,88500.0,347.5133333333336,bullish,bullish,94641.6
2025-04-28 11:59:59.999000+00:00,bos_up,high,88500.0,349.57958333333363,bullish,bullish,95276.1
2025-04-28 15:59:59.999000+00:00,bos_up,high,88500.0,349.4650000000003,bullish,bullish,93772.8
2025-05-01 11:59:59.999000+00:00,bos_up,high,95769.6,348.2550000000002,bullish,bullish,96129.9
2025-05-01 15:59:59.999000+00:00,bos_up,high,95769.6,350.40708333333356,bullish,bullish,96793.9
2025-05-01 19:59:59.999000+00:00,bos_up,high,95769.6,349.8741666666669,bullish,bullish,96459.1
2025-05-01 23:59:59.999000+00:00,bos_up,high,95769.6,351.09666666666686,bullish,bullish,96423.3
2025-05-02 03:59:59.999000+00:00,bos_up,high,95769.6,352.6654166666669,bullish,bullish,97054.9
2025-05-02 07:59:59.999000+00:00,bos_up,high,95769.6,354.8533333333335,bullish,bullish,96302.0
2025-05-02 11:59:59.999000+00:00,bos_up,high,95769.6,356.7975000000001,bullish,bullish,96875.7
2025-05-02 15:59:59.999000+00:00,bos_up,high,95769.6,360.34250000000014,bullish,bullish,97270.1
2025-05-02 19:59:59.999000+00:00,bos_up,high,95769.6,363.19208333333336,bullish,bullish,96856.8
2025-05-02 23:59:59.999000+00:00,bos_up,high,95769.6,364.05625,bullish,bullish,96831.2
2025-05-03 03:59:59.999000+00:00,bos_up,high,95769.6,363.9845833333333,bullish,bullish,96292.1
2025-05-03 07:59:59.999000+00:00,bos_up,high,95769.6,364.37499999999994,bullish,bullish,96290.8
2025-05-03 15:59:59.999000+00:00,bos_up,high,95769.6,365.50708333333324,bullish,bullish,96358.7
2025-05-03 19:59:59.999000+00:00,bos_up,high,95769.6,365.0612499999999,bullish,bullish,96312.0
2025-05-06 23:59:59.999000+00:00,bos_up,high,95769.6,347.6404166666667,bullish,bullish,96798.9
2025-05-07 03:59:59.999000+00:00,bos_up,high,95769.6,348.61500000000007,bullish,bullish,96453.8
2025-05-07 07:59:59.999000+00:00,bos_up,high,95769.6,346.0987500000001,bullish,bullish,96940.0
2025-05-07 11:59:59.999000+00:00,bos_up,high,95769.6,342.4387500000001,bullish,bullish,97000.0
2025-05-07 15:59:59.999000+00:00,bos_up,high,95769.6,333.2108333333335,bullish,bullish,96889.0
2025-05-07 19:59:59.999000+00:00,bos_up,high,95769.6,332.7108333333335,bullish,bullish,96124.6
2025-05-07 23:59:59.999000+00:00,bos_up,high,95769.6,335.4633333333335,bullish,bullish,96988.4
2025-05-08 03:59:59.999000+00:00,bos_up,high,95769.6,340.63125000000014,bullish,bullish,99097.9
2025-05-08 07:59:59.999000+00:00,bos_up,high,95769.6,340.12875000000014,bullish,bullish,99212.0
2025-05-08 11:59:59.999000+00:00,bos_up,high,95769.6,338.86666666666684,bullish,bullish,99369.8
2025-05-08 15:59:59.999000+00:00,bos_up,high,95769.6,344.67458333333343,bullish,bullish,100730.8
2025-05-08 19:59:59.999000+00:00,bos_up,high,95769.6,345.3662500000001,bullish,bullish,101254.2
2025-05-08 23:59:59.999000+00:00,bos_up,high,95769.6,353.95791666666673,bullish,bullish,103228.1
2025-05-09 03:59:59.999000+00:00,bos_up,high,95769.6,350.9525000000001,bullish,bullish,102419.5
2025-05-09 07:59:59.999000+00:00,bos_up,high,95769.6,355.80583333333345,bullish,bullish,103597.4
2025-05-09 11:59:59.999000+00:00,bos_up,high,95769.6,357.45083333333343,bullish,bullish,102914.5
2025-05-09 15:59:59.999000+00:00,bos_up,high,95769.6,355.3475000000001,bullish,bullish,102852.9
2025-05-09 19:59:59.999000+00:00,bos_up,high,95769.6,354.9633333333334,bullish,bullish,103145.5
2025-05-09 23:59:59.999000+00:00,bos_up,high,95769.6,354.0612500000001,bullish,bullish,102941.9
2025-05-10 03:59:59.999000+00:00,bos_up,high,95769.6,353.1920833333334,bullish,bullish,103179.4
2025-05-10 07:59:59.999000+00:00,bos_up,high,95769.6,355.63208333333336,bullish,bullish,103721.7
2025-05-10 11:59:59.999000+00:00,bos_up,high,95769.6,355.7266666666667,bullish,bullish,103374.6
2025-05-10 15:59:59.999000+00:00,bos_up,high,95769.6,356.6241666666667,bullish,bullish,103102.6
2025-05-10 19:59:59.999000+00:00,bos_up,high,95769.6,357.94250000000005,bullish,bullish,103148.6
2025-05-10 23:59:59.999000+00:00,bos_up,high,95769.6,362.8458333333334,bullish,bullish,104788.8
2025-05-11 03:59:59.999000+00:00,bos_up,high,95769.6,363.9425000000001,bullish,bullish,103947.8
2025-05-11 07:59:59.999000+00:00,bos_up,high,95769.6,365.68125000000003,bullish,bullish,103327.9
2025-05-11 11:59:59.999000+00:00,bos_up,high,95769.6,369.7379166666667,bullish,bullish,104613.7
2025-05-11 15:59:59.999000+00:00,bos_up,high,95769.6,372.04375000000005,bullish,bullish,104083.0
2025-05-11 19:59:59.999000+00:00,bos_up,high,95769.6,373.6845833333334,bullish,bullish,104373.8
2025-05-11 23:59:59.999000+00:00,bos_up,high,95769.6,374.1262500000001,bullish,bullish,104072.7
2025-05-12 03:59:59.999000+00:00,bos_up,high,95769.6,375.3004166666667,bullish,bullish,104064.0
2025-05-12 07:59:59.999000+00:00,bos_up,high,95769.6,380.3366666666667,bullish,bullish,104426.2
2025-05-12 11:59:59.999000+00:00,bos_up,high,95769.6,379.93333333333334,bullish,bullish,103705.1
2025-05-12 15:59:59.999000+00:00,bos_up,high,95769.6,380.8354166666667,bullish,bullish,102481.7
2025-05-12 19:59:59.999000+00:00,bos_up,high,95769.6,384.40125,bullish,bullish,101812.8
2025-05-12 23:59:59.999000+00:00,bos_up,high,95769.6,386.27958333333333,bullish,bullish,102739.3
2025-05-13 03:59:59.999000+00:00,bos_up,high,95769.6,387.56374999999997,bullish,bullish,101681.3
2025-05-13 07:59:59.999000+00:00,bos_up,high,95769.6,389.83916666666664,bullish,bullish,102624.0
2025-05-13 11:59:59.999000+00:00,bos_up,high,95769.6,392.7829166666667,bullish,bullish,103685.5
2025-05-13 15:59:59.999000+00:00,bos_up,high,95769.6,394.3400000000001,bullish,bullish,103633.1
2025-05-13 19:59:59.999000+00:00,bos_up,high,95769.6,396.94458333333347,bullish,bullish,104744.7
2025-05-13 23:59:59.999000+00:00,bos_up,high,95769.6,394.5379166666667,bullish,bullish,104082.0
2025-05-14 03:59:59.999000+00:00,bos_up,high,95769.6,393.20625,bullish,bullish,103549.2
2025-05-14 07:59:59.999000+00:00,bos_up,high,95769.6,392.90625000000006,bullish,bullish,103662.2
2025-05-14 11:59:59.999000+00:00,bos_up,high,95769.6,395.3091666666668,bullish,bullish,103903.4
2025-05-14 15:59:59.999000+00:00,bos_up,high,95769.6,392.10125000000016,bullish,bullish,103461.4
2025-05-14 19:59:59.999000+00:00,bos_up,high,95769.6,392.6312500000002,bullish,bullish,103278.7
2025-05-14 23:59:59.999000+00:00,bos_up,high,95769.6,390.8637500000002,bullish,bullish,103458.1
2025-05-15 03:59:59.999000+00:00,bos_up,high,95769.6,391.9683333333335,bullish,bullish,102706.1
2025-05-15 07:59:59.999000+00:00,bos_up,high,95769.6,395.1483333333335,bullish,bullish,101733.9
2025-05-18 23:59:59.999000+00:00,bos_up,high,105863.1,418.6204166666669,bullish,bullish,106407.6
2025-05-20 19:59:59.999000+00:00,bos_up,high,105863.1,446.85375000000016,bullish,bullish,106972.2
2025-05-20 23:59:59.999000+00:00,bos_up,high,105863.1,442.4254166666668,bullish,bullish,106800.1
2025-05-21 03:59:59.999000+00:00,bos_up,high,105863.1,440.2379166666668,bullish,bullish,106791.0
2025-05-21 07:59:59.999000+00:00,bos_up,high,105863.1,443.8004166666669,bullish,bullish,106463.6
2025-05-21 11:59:59.999000+00:00,bos_up,high,105863.1,445.53458333333356,bullish,bullish,106490.9
2025-05-21 15:59:59.999000+00:00,bos_up,high,105863.1,455.3704166666668,bullish,bullish,108936.6
2025-05-21 19:59:59.999000+00:00,bos_up,high,105863.1,465.8741666666668,bullish,bullish,108547.3
2025-05-21 23:59:59.999000+00:00,bos_up,high,105863.1,473.4141666666668,bullish,bullish,109609.5
2025-05-22 03:59:59.999000+00:00,bos_up,high,105863.1,474.85000000000014,bullish,bullish,111755.9
2025-05-22 07:59:59.999000+00:00,bos_up,high,105863.1,477.55458333333354,bullish,bullish,111005.8
2025-05-22 11:59:59.999000+00:00,bos_up,high,105863.1,479.08458333333346,bullish,bullish,110944.1
2025-05-22 15:59:59.999000+00:00,bos_up,high,105863.1,473.44541666666686,bullish,bullish,111250.6
2025-05-22 19:59:59.999000+00:00,bos_up,high,105863.1,473.2883333333335,bullish,bullish,111136.1
2025-05-22 23:59:59.999000+00:00,bos_up,high,105863.1,464.6016666666668,bullish,bullish,111662.7
2025-05-23 03:59:59.999000+00:00,bos_up,high,105863.1,464.2337500000001,bullish,bullish,111044.0
2025-05-23 07:59:59.999000+00:00,bos_up,high,105863.1,459.08583333333337,bullish,bullish,110685.2
2025-05-23 11:59:59.999000+00:00,bos_up,high,105863.1,463.20458333333335,bullish,bullish,109033.2
2025-05-23 15:59:59.999000+00:00,bos_up,high,105863.1,468.74958333333336,bullish,bullish,108892.4
2025-05-23 19:59:59.999000+00:00,bos_up,high,105863.1,471.7241666666667,bullish,bullish,108659.4
2025-05-23 23:59:59.999000+00:00,bos_up,high,105863.1,477.0962500000001,bullish,bullish,107271.5
2025-05-24 03:59:59.999000+00:00,bos_up,high,105863.1,481.4570833333334,bullish,bullish,108306.8
2025-05-24 07:59:59.999000+00:00,bos_up,high,105863.1,481.0916666666668,bullish,bullish,107550.6
2025-05-24 11:59:59.999000+00:00,bos_up,high,105863.1,485.8370833333334,bullish,bullish,109152.2
2025-05-24 15:59:59.999000+00:00,bos_up,high,105863.1,485.79083333333335,bullish,bullish,108889.2
2025-05-24 19:59:59.999000+00:00,bos_up,high,105863.1,485.2479166666667,bullish,bullish,108912.7
2025-05-24 23:59:59.999000+00:00,bos_up,high,105863.1,484.02375,bullish,bullish,107698.9
2025-05-25 03:59:59.999000+00:00,bos_up,high,105863.1,482.04166666666674,bullish,bullish,108045.4
2025-05-25 07:59:59.999000+00:00,bos_up,high,105863.1,481.1320833333334,bullish,bullish,107637.1
2025-05-25 11:59:59.999000+00:00,bos_up,high,105863.1,479.33416666666676,bullish,bullish,107214.0
2025-05-25 15:59:59.999000+00:00,bos_up,high,105863.1,479.5612500000001,bullish,bullish,106927.9
2025-05-25 19:59:59.999000+00:00,bos_up,high,105863.1,480.3383333333334,bullish,bullish,107656.3
2025-06-22 15:59:59.999000+00:00,choch_down,low,100305.1,405.00166666666667,bullish,bearish,98849.9
2025-06-22 19:59:59.999000+00:00,bos_down,low,100305.1,410.53625,bearish,bearish,98829.7
2025-07-09 19:59:59.999000+00:00,choch_up,high,110653.6,331.9608,bearish,bullish,111718.8
2025-07-09 23:59:59.999000+00:00,bos_up,high,110653.6,331.9608,bullish,bullish,111199.9
2025-07-10 03:59:59.999000+00:00,bos_up,high,110653.6,331.9608,bullish,bullish,111028.2
2025-07-10 07:59:59.999000+00:00,bos_up,high,110653.6,331.9608,bullish,bullish,111186.1
2025-07-10 15:59:59.999000+00:00,bos_up,high,110653.6,331.9608,bullish,bullish,111350.0
2025-07-10 19:59:59.999000+00:00,bos_up,high,110653.6,331.9608,bullish,bullish,113246.1
2025-07-10 23:59:59.999000+00:00,bos_up,high,110653.6,331.9608,bullish,bullish,115979.2
2025-07-11 03:59:59.999000+00:00,bos_up,high,110653.6,331.9608,bullish,bullish,116839.5
2025-07-11 07:59:59.999000+00:00,bos_up,high,110653.6,331.9608,bullish,bullish,117522.7
2025-07-11 11:59:59.999000+00:00,bos_up,high,110653.6,331.9608,bullish,bullish,117790.1
2025-07-11 15:59:59.999000+00:00,bos_up,high,110653.6,331.9608,bullish,bullish,116910.3
2025-07-11 19:59:59.999000+00:00,bos_up,high,110653.6,331.9608,bullish,bullish,118072.7
2025-07-11 23:59:59.999000+00:00,bos_up,high,110653.6,331.9608,bullish,bullish,117500.0
2025-07-12 03:59:59.999000+00:00,bos_up,high,110653.6,331.9608,bullish,bullish,117730.0
2025-07-12 07:59:59.999000+00:00,bos_up,high,110653.6,331.9608,bullish,bullish,117689.7
2025-07-12 11:59:59.999000+00:00,bos_up,high,110653.6,331.9608,bullish,bullish,117773.6
2025-07-12 15:59:59.999000+00:00,bos_up,high,110653.6,331.9608,bullish,bullish,117075.6
2025-07-12 19:59:59.999000+00:00,bos_up,high,110653.6,331.9608,bullish,bullish,117525.7
2025-07-12 23:59:59.999000+00:00,bos_up,high,110653.6,331.9608,bullish,bullish,117389.3
2025-07-13 03:59:59.999000+00:00,bos_up,high,110653.6,331.9608,bullish,bullish,117711.5
2025-07-13 07:59:59.999000+00:00,bos_up,high,110653.6,331.9608,bullish,bullish,117950.0
2025-07-13 11:59:59.999000+00:00,bos_up,high,110653.6,331.9608,bullish,bullish,118036.1
2025-07-13 15:59:59.999000+00:00,bos_up,high,110653.6,331.9608,bullish,bullish,118610.6
2025-07-13 19:59:59.999000+00:00,bos_up,high,110653.6,331.9608,bullish,bullish,118923.0
2025-07-13 23:59:59.999000+00:00,bos_up,high,110653.6,331.9608,bullish,bullish,119038.3
2025-07-14 03:59:59.999000+00:00,bos_up,high,110653.6,340.1812500000002,bullish,bullish,120733.2
2025-07-14 07:59:59.999000+00:00,bos_up,high,110653.6,347.3129166666669,bullish,bullish,122731.0
2025-07-14 11:59:59.999000+00:00,bos_up,high,110653.6,350.7258333333335,bullish,bullish,121474.5
2025-07-14 15:59:59.999000+00:00,bos_up,high,110653.6,356.50750000000016,bullish,bullish,119863.1
2025-07-14 19:59:59.999000+00:00,bos_up,high,110653.6,358.9816666666668,bullish,bullish,119920.0
2025-07-14 23:59:59.999000+00:00,bos_up,high,110653.6,359.2895833333335,bullish,bullish,119816.5
2025-07-15 03:59:59.999000+00:00,bos_up,high,110653.6,369.79958333333343,bullish,bullish,117209.2
2025-07-15 07:59:59.999000+00:00,bos_up,high,110653.6,373.66291666666683,bullish,bullish,116777.1
2025-07-15 11:59:59.999000+00:00,bos_up,high,110653.6,373.71625000000006,bullish,bullish,117110.4
2025-07-15 15:59:59.999000+00:00,bos_up,high,110653.6,378.9620833333334,bullish,bullish,116393.0
2025-07-15 19:59:59.999000+00:00,bos_up,high,110653.6,382.13625,bullish,bullish,116428.9
2025-07-15 23:59:59.999000+00:00,bos_up,high,110653.6,385.8575000000001,bullish,bullish,117738.5
2025-07-16 03:59:59.999000+00:00,bos_up,high,110653.6,386.00916666666666,bullish,bullish,117477.6
2025-07-16 07:59:59.999000+00:00,bos_up,high,110653.6,385.90375000000006,bullish,bullish,118181.2
2025-07-16 11:59:59.999000+00:00,bos_up,high,110653.6,387.62208333333336,bullish,bullish,118755.1
2025-07-16 15:59:59.999000+00:00,bos_up,high,110653.6,387.65708333333333,bullish,bullish,119056.0
2025-07-16 19:59:59.999000+00:00,bos_up,high,110653.6,389.20375,bullish,bullish,119186.7
2025-07-16 23:59:59.999000+00:00,bos_up,high,110653.6,392.5420833333334,bullish,bullish,118590.7
2025-07-17 03:59:59.999000+00:00,bos_up,high,110653.6,396.2637500000001,bullish,bullish,118090.9
2025-07-17 07:59:59.999000+00:00,bos_up,high,110653.6,396.0379166666667,bullish,bullish,118293.9
2025-08-25 07:59:59.999000+00:00,choch_down,low,111910.0,420.76458333333306,bullish,bearish,111469.7
2025-08-25 11:59:59.999000+00:00,bos_down,low,111910.0,418.03749999999974,bearish,bearish,111183.7
2025-08-25 19:59:59.999000+00:00,bos_down,low,111910.0,420.89999999999975,bearish,bearish,110650.4
2025-08-25 23:59:59.999000+00:00,bos_down,low,111910.0,423.9441666666664,bearish,bearish,110064.0
2025-08-26 03:59:59.999000+00:00,bos_down,low,111910.0,427.3179166666664,bearish,bearish,109825.0
2025-08-26 07:59:59.999000+00:00,bos_down,low,111910.0,427.54583333333306,bearish,bearish,110244.2
2025-08-26 11:59:59.999000+00:00,bos_down,low,111910.0,427.62291666666647,bearish,bearish,109842.2
2025-08-26 15:59:59.999000+00:00,bos_down,low,111910.0,426.6829166666665,bearish,bearish,109624.6
2025-08-26 19:59:59.999000+00:00,bos_down,low,111910.0,429.4637499999998,bearish,bearish,111053.5
2025-08-27 03:59:59.999000+00:00,bos_down,low,111910.0,431.19249999999977,bearish,bearish,111373.7
2025-08-27 07:59:59.999000+00:00,bos_down,low,111910.0,431.79374999999976,bearish,bearish,110688.0
2025-08-27 11:59:59.999000+00:00,bos_down,low,111910.0,430.6287499999998,bearish,bearish,111270.8
2025-08-27 23:59:59.999000+00:00,bos_down,low,111910.0,425.3358333333332,bearish,bearish,111194.9
2025-09-01 03:59:59.999000+00:00,bos_down,low,108559.7,415.48125,bearish,bearish,107619.1
2025-09-10 15:59:59.999000+00:00,choch_up,high,112585.7,373.1016666666667,bearish,bullish,113801.3
2025-09-10 19:59:59.999000+00:00,bos_up,high,112585.7,372.58333333333337,bullish,bullish,113525.2
2025-09-10 23:59:59.999000+00:00,bos_up,high,112585.7,368.3729166666667,bullish,bullish,113896.8
2025-09-11 03:59:59.999000+00:00,bos_up,high,112585.7,366.8591666666667,bullish,bullish,114354.4
2025-09-11 07:59:59.999000+00:00,bos_up,high,112585.7,363.08458333333334,bullish,bullish,114040.0
2025-09-11 11:59:59.999000+00:00,bos_up,high,112585.7,362.74083333333334,bullish,bullish,113960.9
2025-09-11 15:59:59.999000+00:00,bos_up,high,112585.7,363.85083333333336,bullish,bullish,114122.3
2025-09-11 19:59:59.999000+00:00,bos_up,high,112585.7,360.75083333333333,bullish,bullish,114370.5
2025-09-11 23:59:59.999000+00:00,bos_up,high,112585.7,363.0604166666665,bullish,bullish,115427.0
2025-09-12 03:59:59.999000+00:00,bos_up,high,112585.7,362.8095833333333,bullish,bullish,115138.3
2025-09-12 07:59:59.999000+00:00,bos_up,high,112585.7,357.1491666666666,bullish,bullish,115049.0
2025-09-12 11:59:59.999000+00:00,bos_up,high,112585.7,355.12749999999994,bullish,bullish,114863.0
2025-09-12 15:59:59.999000+00:00,bos_up,high,112585.7,343.91499999999996,bullish,bullish,115064.9
2025-09-12 19:59:59.999000+00:00,bos_up,high,112585.7,346.8666666666666,bullish,bullish,116561.1
2025-09-12 23:59:59.999000+00:00,bos_up,high,112585.7,345.85875,bullish,bullish,115978.4
2025-09-13 03:59:59.999000+00:00,bos_up,high,112585.7,344.3933333333333,bullish,bullish,115913.6
2025-09-13 07:59:59.999000+00:00,bos_up,high,112585.7,343.43875,bullish,bullish,115715.5
2025-09-13 11:59:59.999000+00:00,bos_up,high,112585.7,343.55208333333337,bullish,bullish,115912.9
2025-09-13 15:59:59.999000+00:00,bos_up,high,112585.7,342.48125,bullish,bullish,115721.3
2025-09-13 19:59:59.999000+00:00,bos_up,high,112585.7,344.395,bullish,bullish,115751.4
2025-09-13 23:59:59.999000+00:00,bos_up,high,112585.7,343.71541666666656,bullish,bullish,115862.7
2025-09-14 03:59:59.999000+00:00,bos_up,high,112585.7,342.90666666666664,bullish,bullish,115626.0
2025-09-14 07:59:59.999000+00:00,bos_up,high,112585.7,341.83416666666665,bullish,bullish,115746.0
2025-09-14 11:59:59.999000+00:00,bos_up,high,112585.7,340.1775,bullish,bullish,115750.0
2025-09-14 15:59:59.999000+00:00,bos_up,high,112585.7,340.48125000000005,bullish,bullish,115162.2
2025-09-14 19:59:59.999000+00:00,bos_up,high,112585.7,339.57000000000005,bullish,bullish,115597.4
2025-09-14 23:59:59.999000+00:00,bos_up,high,112585.7,338.82708333333335,bullish,bullish,115210.0
2025-09-15 03:59:59.999000+00:00,bos_up,high,112585.7,337.7571,bullish,bullish,115387.6
2025-09-15 07:59:59.999000+00:00,bos_up,high,112585.7,337.7571,bullish,bullish,115769.5
2025-09-15 11:59:59.999000+00:00,bos_up,high,112585.7,337.7571,bullish,bullish,115009.0
2025-09-15 15:59:59.999000+00:00,bos_up,high,112585.7,337.7571,bullish,bullish,114788.4
2025-09-15 19:59:59.999000+00:00,bos_up,high,112585.7,337.7571,bullish,bullish,115246.7
2025-09-15 23:59:59.999000+00:00,bos_up,high,112585.7,337.7571,bullish,bullish,115300.6
2025-09-16 03:59:59.999000+00:00,bos_up,high,112585.7,337.7571,bullish,bullish,115250.9
2025-09-16 07:59:59.999000+00:00,bos_up,high,112585.7,337.7571,bullish,bullish,115799.4
2025-09-16 11:59:59.999000+00:00,bos_up,high,112585.7,337.7571,bullish,bullish,115222.2
2025-09-16 15:59:59.999000+00:00,bos_up,high,112585.7,337.7571,bullish,bullish,115877.9
2025-09-16 19:59:59.999000+00:00,bos_up,high,112585.7,337.7571,bullish,bullish,116758.0
2025-09-16 23:59:59.999000+00:00,bos_up,high,112585.7,337.7571,bullish,bullish,116747.3
2025-09-17 03:59:59.999000+00:00,bos_up,high,112585.7,337.7571,bullish,bullish,116320.1
2025-09-17 07:59:59.999000+00:00,bos_up,high,112585.7,337.7571,bullish,bullish,117120.5
2025-09-17 11:59:59.999000+00:00,bos_up,high,112585.7,337.7571,bullish,bullish,116200.1
2025-09-17 15:59:59.999000+00:00,bos_up,high,112585.7,337.7571,bullish,bullish,115825.1
2025-09-17 19:59:59.999000+00:00,bos_up,high,112585.7,337.7571,bullish,bullish,115587.6
2025-09-17 23:59:59.999000+00:00,bos_up,high,112585.7,337.7571,bullish,bullish,116402.5
2025-09-18 03:59:59.999000+00:00,bos_up,high,112585.7,337.7571,bullish,bullish,117531.2
2025-09-18 07:59:59.999000+00:00,bos_up,high,112585.7,337.7571,bullish,bullish,117033.6
2025-09-18 11:59:59.999000+00:00,bos_up,high,112585.7,337.7571,bullish,bullish,117015.0
2025-09-18 15:59:59.999000+00:00,bos_up,high,112585.7,337.7571,bullish,bullish,117530.3
2025-09-18 19:59:59.999000+00:00,bos_up,high,112585.7,337.7571,bullish,bullish,117403.0
2025-09-18 23:59:59.999000+00:00,bos_up,high,112585.7,337.7571,bullish,bullish,117017.1
2025-09-19 03:59:59.999000+00:00,bos_up,high,112585.7,337.7571,bullish,bullish,116914.2
2025-09-19 07:59:59.999000+00:00,bos_up,high,112585.7,337.7571,bullish,bullish,116850.1
2025-09-19 11:59:59.999000+00:00,bos_up,high,112585.7,337.7571,bullish,bullish,116343.1
2025-09-19 15:59:59.999000+00:00,bos_up,high,112585.7,337.7571,bullish,bullish,115826.9
2025-09-19 19:59:59.999000+00:00,bos_up,high,112585.7,337.7571,bullish,bullish,115082.4
2025-09-19 23:59:59.999000+00:00,bos_up,high,112585.7,337.7571,bullish,bullish,115569.5
2025-09-20 03:59:59.999000+00:00,bos_up,high,112585.7,337.7571,bullish,bullish,115394.2
2025-09-20 07:59:59.999000+00:00,bos_up,high,112585.7,337.7571,bullish,bullish,115909.8
2025-09-20 11:59:59.999000+00:00,bos_up,high,112585.7,337.7571,bullish,bullish,115834.9
2025-09-20 15:59:59.999000+00:00,bos_up,high,112585.7,337.7571,bullish,bullish,115928.5
2025-09-20 19:59:59.999000+00:00,bos_up,high,112585.7,337.7571,bullish,bullish,115636.6
2025-09-20 23:59:59.999000+00:00,bos_up,high,112585.7,337.7571,bullish,bullish,115624.9
2025-09-21 03:59:59.999000+00:00,bos_up,high,112585.7,337.7571,bullish,bullish,115613.8
2025-09-25 19:59:59.999000+00:00,choch_down,low,109850.0,329.55,bullish,bearish,109320.5
2025-09-25 23:59:59.999000+00:00,bos_down,low,109850.0,329.55,bearish,bearish,108934.5
2025-09-26 07:59:59.999000+00:00,bos_down,low,109850.0,329.55,bearish,bearish,109257.3
2025-09-26 11:59:59.999000+00:00,bos_down,low,109850.0,329.55,bearish,bearish,109082.9
2025-09-26 15:59:59.999000+00:00,bos_down,low,109850.0,329.55,bearish,bearish,108976.0
2025-09-26 19:59:59.999000+00:00,bos_down,low,109850.0,329.55,bearish,bearish,109115.9
2025-09-27 03:59:59.999000+00:00,bos_down,low,109850.0,329.55,bearish,bearish,109503.8
2025-09-27 07:59:59.999000+00:00,bos_down,low,109850.0,329.55,bearish,bearish,109354.8
2025-09-27 11:59:59.999000+00:00,bos_down,low,109850.0,329.55,bearish,bearish,109265.8
2025-09-27 15:59:59.999000+00:00,bos_down,low,109850.0,329.55,bearish,bearish,109340.7
2025-09-27 19:59:59.999000+00:00,bos_down,low,109850.0,329.55,bearish,bearish,109369.3
2025-09-28 03:59:59.999000+00:00,bos_down,low,109850.0,329.55,bearish,bearish,109397.3
2025-09-28 07:59:59.999000+00:00,bos_down,low,109850.0,329.55,bearish,bearish,109468.5
2025-09-28 11:59:59.999000+00:00,bos_down,low,109850.0,329.55,bearish,bearish,109319.9
2025-10-01 23:59:59.999000+00:00,choch_up,high,117865.9,353.5977,bearish,bullish,118552.4
2025-10-02 03:59:59.999000+00:00,bos_up,high,117865.9,353.5977,bullish,bullish,118697.0
2025-10-02 07:59:59.999000+00:00,bos_up,high,117865.9,353.5977,bullish,bullish,118444.1
2025-10-02 11:59:59.999000+00:00,bos_up,high,117865.9,353.5977,bullish,bullish,118716.0
2025-10-02 15:59:59.999000+00:00,bos_up,high,117865.9,353.5977,bullish,bullish,119875.1
2025-10-02 19:59:59.999000+00:00,bos_up,high,117865.9,353.5977,bullish,bullish,120787.9
2025-10-02 23:59:59.999000+00:00,bos_up,high,117865.9,353.5977,bullish,bullish,120481.3
2025-10-03 03:59:59.999000+00:00,bos_up,high,117865.9,353.5977,bullish,bullish,120185.4
2025-10-03 07:59:59.999000+00:00,bos_up,high,117865.9,353.5977,bullish,bullish,119620.1
2025-10-03 11:59:59.999000+00:00,bos_up,high,117865.9,353.5977,bullish,bullish,120307.2
2025-10-03 15:59:59.999000+00:00,bos_up,high,117865.9,353.5977,bullish,bullish,122238.5
2025-10-03 19:59:59.999000+00:00,bos_up,high,117865.9,353.5977,bullish,bullish,122609.3
2025-10-03 23:59:59.999000+00:00,bos_up,high,117865.9,353.5977,bullish,bullish,122182.7
2025-10-04 03:59:59.999000+00:00,bos_up,high,117865.9,353.5977,bullish,bullish,122197.2
2025-10-04 07:59:59.999000+00:00,bos_up,high,117865.9,353.5977,bullish,bullish,122271.3
2025-10-04 11:59:59.999000+00:00,bos_up,high,117865.9,353.5977,bullish,bullish,121924.6
2025-10-04 15:59:59.999000+00:00,bos_up,high,117865.9,353.5977,bullish,bullish,121744.8
2025-10-04 19:59:59.999000+00:00,bos_up,high,117865.9,353.5977,bullish,bullish,121919.0
2025-10-04 23:59:59.999000+00:00,bos_up,high,117865.9,353.5977,bullish,bullish,122343.2
2025-10-05 03:59:59.999000+00:00,bos_up,high,117865.9,353.5977,bullish,bullish,123735.7
2025-10-05 07:59:59.999000+00:00,bos_up,high,117865.9,357.25625,bullish,bullish,124692.4
2025-10-05 11:59:59.999000+00:00,bos_up,high,117865.9,365.04791666666665,bullish,bullish,123413.2
2025-10-05 15:59:59.999000+00:00,bos_up,high,117865.9,367.22458333333344,bullish,bullish,122753.0
2025-10-05 19:59:59.999000+00:00,bos_up,high,117865.9,370.5579166666667,bullish,bullish,122550.4
2025-10-05 23:59:59.999000+00:00,bos_up,high,117865.9,373.28583333333347,bullish,bullish,123426.7
2025-10-06 03:59:59.999000+00:00,bos_up,high,117865.9,373.3825000000001,bullish,bullish,123792.9
2025-10-06 07:59:59.999000+00:00,bos_up,high,117865.9,364.14958333333345,bullish,bullish,123332.3
2025-10-06 11:59:59.999000+00:00,bos_up,high,117865.9,365.6483333333334,bullish,bullish,124161.2
2025-10-06 15:59:59.999000+00:00,bos_up,high,117865.9,366.3616666666668,bullish,bullish,124946.2
2025-10-06 19:59:59.999000+00:00,bos_up,high,117865.9,368.4170833333335,bullish,bullish,125357.3
2025-10-06 23:59:59.999000+00:00,bos_up,high,117865.9,368.49708333333353,bullish,bullish,124628.5
2025-10-07 03:59:59.999000+00:00,bos_up,high,117865.9,366.78333333333353,bullish,bullish,124277.7
2025-10-07 07:59:59.999000+00:00,bos_up,high,117865.9,366.1704166666669,bullish,bullish,123627.1
2025-10-07 11:59:59.999000+00:00,bos_up,high,117865.9,368.7029166666668,bullish,bullish,124397.2
2025-10-07 15:59:59.999000+00:00,bos_up,high,117865.9,381.7520833333335,bullish,bullish,121788.3
2025-10-07 19:59:59.999000+00:00,bos_up,high,117865.9,382.11833333333345,bullish,bullish,121593.6
2025-10-07 23:59:59.999000+00:00,bos_up,high,117865.9,383.2554166666668,bullish,bullish,121286.5
2025-10-08 03:59:59.999000+00:00,bos_up,high,117865.9,384.1541666666667,bullish,bullish,121333.1
2025-10-08 07:59:59.999000+00:00,bos_up,high,117865.9,380.30791666666664,bullish,bullish,121550.4
2025-10-08 11:59:59.999000+00:00,bos_up,high,117865.9,384.125,bullish,bullish,122825.7
2025-10-08 15:59:59.999000+00:00,bos_up,high,117865.9,386.6879166666666,bullish,bullish,122140.1
2025-10-08 19:59:59.999000+00:00,bos_up,high,117865.9,392.2145833333332,bullish,bullish,123381.8
2025-10-08 23:59:59.999000+00:00,bos_up,high,117865.9,394.23583333333323,bullish,bullish,123237.5
2025-10-09 03:59:59.999000+00:00,bos_up,high,117865.9,396.57499999999993,bullish,bullish,121988.4
2025-10-09 07:59:59.999000+00:00,bos_up,high,117865.9,393.98374999999993,bullish,bullish,121847.9
2025-10-09 11:59:59.999000+00:00,bos_up,high,117865.9,396.9420833333332,bullish,bullish,122672.9
2025-10-09 15:59:59.999000+00:00,bos_up,high,117865.9,405.3462499999999,bullish,bullish,121079.4
2025-10-09 19:59:59.999000+00:00,bos_up,high,117865.9,400.3104166666665,bullish,bullish,120897.6
2025-11-03 15:59:59.999000+00:00,choch_down,low,106360.3,486.53916666666646,bullish,bearish,105718.8
2025-11-04 07:59:59.999000+00:00,bos_down,low,106360.3,499.2049999999997,bearish,bearish,104442.9
2025-11-04 11:59:59.999000+00:00,bos_down,low,106360.3,498.2316666666664,bearish,bearish,104530.7
2025-11-04 15:59:59.999000+00:00,bos_down,low,106360.3,482.09416666666647,bearish,bearish,103157.7
2025-11-04 19:59:59.999000+00:00,bos_down,low,106360.3,485.4691666666664,bearish,bearish,100507.0
2025-11-04 23:59:59.999000+00:00,bos_down,low,106360.3,482.23166666666646,bearish,bearish,101450.3
2025-11-05 03:59:59.999000+00:00,bos_down,low,106360.3,492.3983333333332,bearish,bearish,102094.8
2025-11-05 07:59:59.999000+00:00,bos_down,low,106360.3,491.8537499999998,bearish,bearish,101946.1
2025-11-05 11:59:59.999000+00:00,bos_down,low,106360.3,488.0637499999998,bearish,bearish,102019.4
2025-11-05 15:59:59.999000+00:00,bos_down,low,106360.3,488.5287499999997,bearish,bearish,103668.3
2025-11-05 19:59:59.999000+00:00,bos_down,low,106360.3,489.1949999999998,bearish,bearish,103950.0
2025-11-05 23:59:59.999000+00:00,bos_down,low,106360.3,488.4162499999999,bearish,bearish,103837.0
2025-11-06 03:59:59.999000+00:00,bos_down,low,106360.3,488.57416666666643,bearish,bearish,103598.3
2025-11-06 07:59:59.999000+00:00,bos_down,low,106360.3,485.9679166666665,bearish,bearish,103138.6
2025-11-06 11:59:59.999000+00:00,bos_down,low,106360.3,485.75166666666644,bearish,bearish,103182.6
2025-11-06 15:59:59.999000+00:00,bos_down,low,106360.3,488.1095833333331,bearish,bearish,101981.6
2025-11-06 19:59:59.999000+00:00,bos_down,low,106360.3,490.04874999999976,bearish,bearish,101335.9
2025-11-06 23:59:59.999000+00:00,bos_down,low,106360.3,490.93958333333313,bearish,bearish,101305.6
2025-11-07 03:59:59.999000+00:00,bos_down,low,106360.3,493.85124999999977,bearish,bearish,101863.5
2025-11-07 07:59:59.999000+00:00,bos_down,low,106360.3,492.7095833333331,bearish,bearish,101978.8
2025-11-07 11:59:59.999000+00:00,bos_down,low,106360.3,498.26333333333304,bearish,bearish,100369.1
2025-11-07 15:59:59.999000+00:00,bos_down,low,106360.3,496.5716666666663,bearish,bearish,100758.0
2025-11-07 19:59:59.999000+00:00,bos_down,low,106360.3,503.76958333333306,bearish,bearish,103350.0
2025-11-07 23:59:59.999000+00:00,bos_down,low,106360.3,505.95333333333303,bearish,bearish,103305.2
2025-11-08 03:59:59.999000+00:00,bos_down,low,106360.3,507.198333333333,bearish,bearish,102545.8
2025-11-08 07:59:59.999000+00:00,bos_down,low,106360.3,507.72916666666634,bearish,bearish,102302.9
2025-11-08 11:59:59.999000+00:00,bos_down,low,106360.3,509.9999999999997,bearish,bearish,101805.6
2025-11-08 15:59:59.999000+00:00,bos_down,low,106360.3,510.392083333333,bearish,bearish,101678.0
2025-11-08 19:59:59.999000+00:00,bos_down,low,106360.3,510.89208333333295,bearish,bearish,101934.3
2025-11-08 23:59:59.999000+00:00,bos_down,low,106360.3,511.6762499999995,bearish,bearish,102269.3
2025-11-09 03:59:59.999000+00:00,bos_down,low,106360.3,513.0437499999995,bearish,bearish,101622.9
2025-11-09 07:59:59.999000+00:00,bos_down,low,106360.3,513.1154166666662,bearish,bearish,101898.2
2025-11-09 11:59:59.999000+00:00,bos_down,low,106360.3,509.0558333333329,bearish,bearish,102198.2
2025-11-09 15:59:59.999000+00:00,bos_down,low,106360.3,514.8912499999996,bearish,bearish,103715.8
2025-11-09 19:59:59.999000+00:00,bos_down,low,106360.3,518.8324999999995,bearish,bearish,104764.1
2025-11-09 23:59:59.999000+00:00,bos_down,low,106360.3,513.4941666666662,bearish,bearish,104670.6
2025-11-10 15:59:59.999000+00:00,bos_down,low,106360.3,520.1195833333329,bearish,bearish,105028.9
2025-11-13 19:59:59.999000+00:00,bos_down,low,99200.0,519.7649999999995,bearish,bearish,98643.1
2025-11-14 07:59:59.999000+00:00,bos_down,low,99200.0,528.4133333333328,bearish,bearish,97099.9
2025-11-14 11:59:59.999000+00:00,bos_down,low,99200.0,530.834583333333,bearish,bearish,96134.6
2025-11-14 15:59:59.999000+00:00,bos_down,low,99200.0,534.3974999999996,bearish,bearish,96752.6
2025-11-14 19:59:59.999000+00:00,bos_down,low,99200.0,538.410833333333,bearish,bearish,95737.3
2025-11-14 23:59:59.999000+00:00,bos_down,low,99200.0,544.327083333333,bearish,bearish,94544.9
2025-11-15 03:59:59.999000+00:00,bos_down,low,99200.0,549.8587499999996,bearish,bearish,96388.5
2025-11-15 07:59:59.999000+00:00,bos_down,low,99200.0,549.7429166666664,bearish,bearish,96289.4
2025-11-15 11:59:59.999000+00:00,bos_down,low,99200.0,550.9449999999997,bearish,bearish,95657.3
2025-11-15 15:59:59.999000+00:00,bos_down,low,99200.0,552.0283333333331,bearish,bearish,96222.1
2025-11-15 19:59:59.999000+00:00,bos_down,low,99200.0,553.3762499999997,bearish,bearish,95967.7
2025-11-15 23:59:59.999000+00:00,bos_down,low,99200.0,554.3074999999997,bearish,bearish,95560.3
2025-11-16 03:59:59.999000+00:00,bos_down,low,99200.0,557.4270833333329,bearish,bearish,95782.0
2025-11-16 07:59:59.999000+00:00,bos_down,low,99200.0,555.5716666666663,bearish,bearish,96064.8
2025-11-16 11:59:59.999000+00:00,bos_down,low,99200.0,556.675833333333,bearish,bearish,95588.0
2025-11-16 15:59:59.999000+00:00,bos_down,low,99200.0,558.275833333333,bearish,bearish,94531.3
2025-11-16 19:59:59.999000+00:00,bos_down,low,99200.0,563.4524999999999,bearish,bearish,93994.5
2025-11-16 23:59:59.999000+00:00,bos_down,low,99200.0,565.3112499999996,bearish,bearish,94221.7
2025-11-17 03:59:59.999000+00:00,bos_down,low,99200.0,560.9291666666664,bearish,bearish,95472.1
2025-11-17 07:59:59.999000+00:00,bos_down,low,99200.0,560.2870833333329,bearish,bearish,95587.9
2025-11-17 11:59:59.999000+00:00,bos_down,low,99200.0,557.9891666666664,bearish,bearish,95530.1
2025-11-17 15:59:59.999000+00:00,bos_down,low,99200.0,556.8241666666663,bearish,bearish,93915.7
2025-11-17 19:59:59.999000+00:00,bos_down,low,99200.0,558.243333333333,bearish,bearish,91656.2
2025-11-17 23:59:59.999000+00:00,bos_down,low,99200.0,557.2058333333331,bearish,bearish,92169.7
2025-11-18 03:59:59.999000+00:00,bos_down,low,99200.0,562.278333333333,bearish,bearish,90811.9
2025-11-18 07:59:59.999000+00:00,bos_down,low,99200.0,556.8933333333331,bearish,bearish,90459.1
2025-11-18 11:59:59.999000+00:00,bos_down,low,99200.0,556.9012499999998,bearish,bearish,91473.6
2025-11-18 15:59:59.999000+00:00,bos_down,low,99200.0,557.6249999999998,bearish,bearish,92851.4
2025-11-18 19:59:59.999000+00:00,bos_down,low,99200.0,548.3458333333331,bearish,bearish,93143.1
2025-11-18 23:59:59.999000+00:00,bos_down,low,99200.0,540.0499999999997,bearish,bearish,92916.9
2025-11-19 03:59:59.999000+00:00,bos_down,low,99200.0,531.8520833333331,bearish,bearish,91842.2
2025-11-19 07:59:59.999000+00:00,bos_down,low,99200.0,536.5524999999998,bearish,bearish,91826.6
2025-11-19 11:59:59.999000+00:00,bos_down,low,99200.0,535.8741666666665,bearish,bearish,91372.4
2025-11-19 15:59:59.999000+00:00,bos_down,low,99200.0,538.5574999999998,bearish,bearish,89901.0
2025-11-19 19:59:59.999000+00:00,bos_down,low,99200.0,538.8854166666665,bearish,bearish,88857.7
2025-11-19 23:59:59.999000+00:00,bos_down,low,99200.0,546.1079166666664,bearish,bearish,91508.9
2025-11-20 03:59:59.999000+00:00,bos_down,low,99200.0,547.7112499999997,bearish,bearish,92404.6
2025-11-20 07:59:59.999000+00:00,bos_down,low,99200.0,548.3349999999998,bearish,bearish,92267.4
2025-11-20 11:59:59.999000+00:00,bos_down,low,99200.0,549.0854166666666,bearish,bearish,91892.6
2025-11-20 15:59:59.999000+00:00,bos_down,low,99200.0,551.9187499999998,bearish,bearish,89835.4
2025-11-20 19:59:59.999000+00:00,bos_down,low,99200.0,558.9587499999998,bearish,bearish,86880.3
2025-11-20 23:59:59.999000+00:00,bos_down,low,99200.0,562.3870833333332,bearish,bearish,86601.3
2025-11-21 03:59:59.999000+00:00,bos_down,low,99200.0,564.7474999999998,bearish,bearish,85782.5
2025-11-21 07:59:59.999000+00:00,bos_down,low,99200.0,582.4633333333331,bearish,bearish,84006.7
2025-11-21 11:59:59.999000+00:00,bos_down,low,99200.0,585.7579166666665,bearish,bearish,82279.1
2025-11-21 15:59:59.999000+00:00,bos_down,low,99200.0,597.5045833333332,bearish,bearish,82905.1
2025-11-21 19:59:59.999000+00:00,bos_down,low,99200.0,599.0320833333332,bearish,bearish,84167.2
2025-11-21 23:59:59.999000+00:00,bos_down,low,99200.0,602.26125,bearish,bearish,85093.5
2025-11-22 03:59:59.999000+00:00,bos_down,low,99200.0,604.4866666666666,bearish,bearish,84414.1
2025-11-22 07:59:59.999000+00:00,bos_down,low,99200.0,604.6204166666664,bearish,bearish,84537.4
2025-11-22 11:59:59.999000+00:00,bos_down,low,99200.0,604.9704166666664,bearish,bearish,84066.2
2025-11-22 15:59:59.999000+00:00,bos_down,low,99200.0,606.6012499999999,bearish,bearish,84239.9
2025-11-22 19:59:59.999000+00:00,bos_down,low,99200.0,606.6070833333333,bearish,bearish,84566.7
2025-11-22 23:59:59.999000+00:00,bos_down,low,99200.0,608.7204166666667,bearish,bearish,84689.4
2025-11-23 03:59:59.999000+00:00,bos_down,low,99200.0,611.5666666666666,bearish,bearish,86261.0
2025-11-23 07:59:59.999000+00:00,bos_down,low,99200.0,615.6633333333333,bearish,bearish,85732.0
2025-11-23 11:59:59.999000+00:00,bos_down,low,99200.0,615.2295833333333,bearish,bearish,86290.3
2025-11-23 15:59:59.999000+00:00,bos_down,low,99200.0,610.3170833333335,bearish,bearish,87042.8
2025-11-23 19:59:59.999000+00:00,bos_down,low,99200.0,609.095,bearish,bearish,87276.7
2025-11-23 23:59:59.999000+00:00,bos_down,low,99200.0,608.92625,bearish,bearish,86807.7
2025-11-24 03:59:59.999000+00:00,bos_down,low,99200.0,607.5695833333333,bearish,bearish,87408.8
2025-11-24 07:59:59.999000+00:00,bos_down,low,99200.0,610.4733333333334,bearish,bearish,87004.6
2025-11-24 11:59:59.999000+00:00,bos_down,low,99200.0,612.8091666666667,bearish,bearish,86232.5
2025-11-24 15:59:59.999000+00:00,bos_down,low,99200.0,610.82,bearish,bearish,86571.0
2026-01-13 23:59:59.999000+00:00,choch_up,high,94760.3,323.82083333333344,bearish,bullish,95375.2
2026-01-14 03:59:59.999000+00:00,bos_up,high,94760.3,323.58291666666673,bullish,bullish,95665.7
2026-01-14 07:59:59.999000+00:00,bos_up,high,94760.3,327.8566666666668,bullish,bullish,95166.6
2026-01-14 15:59:59.999000+00:00,bos_up,high,94760.3,331.69541666666674,bullish,bullish,96691.9
2026-01-14 19:59:59.999000+00:00,bos_up,high,94760.3,335.3625,bullish,bullish,97221.8
2026-01-14 23:59:59.999000+00:00,bos_up,high,94760.3,337.8833333333334,bullish,bullish,96907.9
2026-01-15 03:59:59.999000+00:00,bos_up,high,94760.3,341.06166666666667,bullish,bullish,95943.1
2026-01-15 07:59:59.999000+00:00,bos_up,high,94760.3,343.19458333333324,bullish,bullish,96601.2
2026-01-15 11:59:59.999000+00:00,bos_up,high,94760.3,345.34291666666655,bullish,bullish,96548.9
2026-01-15 15:59:59.999000+00:00,bos_up,high,94760.3,351.07374999999985,bullish,bullish,96717.3
2026-01-15 19:59:59.999000+00:00,bos_up,high,94760.3,356.5941666666665,bullish,bullish,95469.2
2026-01-15 23:59:59.999000+00:00,bos_up,high,94760.3,356.8466666666666,bullish,bullish,95567.3
2026-01-16 03:59:59.999000+00:00,bos_up,high,94760.3,355.9366666666665,bullish,bullish,95319.6
2026-01-16 07:59:59.999000+00:00,bos_up,high,94760.3,356.5929166666665,bullish,bullish,95608.4
2026-01-16 11:59:59.999000+00:00,bos_up,high,94760.3,354.4033333333332,bullish,bullish,95382.6
2026-01-16 23:59:59.999000+00:00,bos_up,high,94760.3,349.7362499999998,bullish,bullish,95503.7
2026-01-17 03:59:59.999000+00:00,bos_up,high,94760.3,349.52499999999986,bullish,bullish,95324.0
2026-01-17 11:59:59.999000+00:00,bos_up,high,94760.3,344.9304166666666,bullish,bullish,95283.9
2026-01-17 15:59:59.999000+00:00,bos_up,high,94760.3,344.4712499999999,bullish,bullish,95529.0
2026-01-17 19:59:59.999000+00:00,bos_up,high,94760.3,344.64208333333323,bullish,bullish,95258.3
2026-01-17 23:59:59.999000+00:00,bos_up,high,94760.3,343.0970833333332,bullish,bullish,95107.9
2026-01-18 03:59:59.999000+00:00,bos_up,high,94760.3,340.5116666666665,bullish,bullish,95155.0
2026-01-18 11:59:59.999000+00:00,bos_up,high,94760.3,338.12291666666647,bullish,bullish,95133.4
2026-01-18 19:59:59.999000+00:00,bos_up,high,94760.3,337.65958333333316,bullish,bullish,95335.6
2026-01-20 23:59:59.999000+00:00,choch_down,low,89632.8,337.22374999999994,bullish,bearish,88390.6
2026-01-21 07:59:59.999000+00:00,bos_down,low,89632.8,339.1112499999999,bearish,bearish,89171.3
2026-01-21 11:59:59.999000+00:00,bos_down,low,89632.8,336.84791666666655,bearish,bearish,88757.1
2026-01-22 15:59:59.999000+00:00,bos_down,low,89632.8,345.2175,bearish,bearish,88953.6
2026-01-23 11:59:59.999000+00:00,bos_down,low,89632.8,343.07333333333327,bearish,bearish,89171.2
2026-01-24 15:59:59.999000+00:00,bos_down,low,89632.8,342.63999999999993,bearish,bearish,89235.0
2026-01-24 19:59:59.999000+00:00,bos_down,low,89632.8,342.84958333333327,bearish,bearish,89286.0
2026-01-25 19:59:59.999000+00:00,bos_down,low,87205.5,353.7166666666666,bearish,bearish,86459.4
2026-01-25 23:59:59.999000+00:00,bos_down,low,87205.5,354.2166666666666,bearish,bearish,86628.9
2026-01-29 15:59:59.999000+00:00,bos_down,low,87205.5,345.7137500000001,bearish,bearish,84898.0
2026-01-29 19:59:59.999000+00:00,bos_down,low,87205.5,346.92291666666677,bearish,bearish,83979.4
2026-01-29 23:59:59.999000+00:00,bos_down,low,87205.5,347.6125,bearish,bearish,84604.7
2026-01-30 03:59:59.999000+00:00,bos_down,low,87205.5,360.7458333333334,bearish,bearish,82640.9
2026-01-30 07:59:59.999000+00:00,bos_down,low,87205.5,363.2458333333334,bearish,bearish,82770.1
2026-01-30 11:59:59.999000+00:00,bos_down,low,87205.5,365.6529166666668,bearish,bearish,83104.8
2026-01-30 15:59:59.999000+00:00,bos_down,low,87205.5,365.3283333333334,bearish,bearish,82850.2
2026-01-30 19:59:59.999000+00:00,bos_down,low,87205.5,373.7854166666667,bearish,bearish,84200.0
2026-01-30 23:59:59.999000+00:00,bos_down,low,87205.5,374.0633333333334,bearish,bearish,84211.4
2026-01-31 03:59:59.999000+00:00,bos_down,low,87205.5,374.32708333333335,bearish,bearish,83987.5
2026-01-31 07:59:59.999000+00:00,bos_down,low,87205.5,375.97625,bearish,bearish,83514.4
2026-01-31 11:59:59.999000+00:00,bos_down,low,87205.5,379.1354166666667,bearish,bearish,82983.2
2026-01-31 15:59:59.999000+00:00,bos_down,low,87205.5,387.0154166666667,bearish,bearish,81268.6
2026-01-31 19:59:59.999000+00:00,bos_down,low,87205.5,413.4175,bearish,bearish,77707.9
2026-01-31 23:59:59.999000+00:00,bos_down,low,87205.5,420.87166666666667,bearish,bearish,78706.8
2026-02-01 03:59:59.999000+00:00,bos_down,low,87205.5,424.07875000000007,bearish,bearish,78826.3
2026-02-01 07:59:59.999000+00:00,bos_down,low,87205.5,427.98916666666673,bearish,bearish,78320.8
2026-02-01 11:59:59.999000+00:00,bos_down,low,87205.5,431.3925000000001,bearish,bearish,78712.1
2026-02-01 15:59:59.999000+00:00,bos_down,low,87205.5,437.6570833333334,bearish,bearish,77563.8
2026-02-01 19:59:59.999000+00:00,bos_down,low,87205.5,441.8629166666668,bearish,bearish,77142.4
2026-02-01 23:59:59.999000+00:00,bos_down,low,87205.5,442.57083333333355,bearish,bearish,76931.5
2026-02-02 03:59:59.999000+00:00,bos_down,low,87205.5,449.8287500000002,bearish,bearish,76256.2
2026-02-02 07:59:59.999000+00:00,bos_down,low,87205.5,456.5433333333335,bearish,bearish,76612.6
2026-02-02 11:59:59.999000+00:00,bos_down,low,87205.5,459.39000000000016,bearish,bearish,77716.1
2026-02-02 15:59:59.999000+00:00,bos_down,low,87205.5,464.6708333333335,bearish,bearish,78800.6
2026-02-02 19:59:59.999000+00:00,bos_down,low,87205.5,466.84625000000017,bearish,bearish,78299.2
2026-02-02 23:59:59.999000+00:00,bos_down,low,87205.5,466.41541666666683,bearish,bearish,78692.5
2026-02-03 03:59:59.999000+00:00,bos_down,low,87205.5,470.3800000000001,bearish,bearish,78710.7
2026-02-03 07:59:59.999000+00:00,bos_down,low,87205.5,467.6758333333334,bearish,bearish,78749.9
2026-02-03 11:59:59.999000+00:00,bos_down,low,87205.5,469.1595833333334,bearish,bearish,78040.1
2026-02-03 15:59:59.999000+00:00,bos_down,low,87205.5,468.7408333333334,bearish,bearish,78094.1
2026-02-03 19:59:59.999000+00:00,bos_down,low,87205.5,483.3991666666667,bearish,bearish,74893.8
2026-02-03 23:59:59.999000+00:00,bos_down,low,87205.5,484.8279166666667,bearish,bearish,75732.4
2026-02-04 03:59:59.999000+00:00,bos_down,low,87205.5,485.5870833333334,bearish,bearish,76661.1
2026-02-04 07:59:59.999000+00:00,bos_down,low,87205.5,484.31374999999997,bearish,bearish,76478.9
2026-02-04 11:59:59.999000+00:00,bos_down,low,87205.5,484.74375000000003,bearish,bearish,75987.6
2026-02-04 15:59:59.999000+00:00,bos_down,low,87205.5,484.7425,bearish,bearish,74107.0
2026-02-04 19:59:59.999000+00:00,bos_down,low,87205.5,480.1120833333333,bearish,bearish,73895.3
2026-02-04 23:59:59.999000+00:00,bos_down,low,87205.5,485.4120833333334,bearish,bearish,73137.4
2026-02-05 03:59:59.999000+00:00,bos_down,low,87205.5,490.7825,bearish,bearish,71198.9
2026-02-05 07:59:59.999000+00:00,bos_down,low,87205.5,495.34333333333336,bearish,bearish,70716.1
2026-02-05 11:59:59.999000+00:00,bos_down,low,87205.5,502.2654166666666,bearish,bearish,70279.0
2026-02-05 15:59:59.999000+00:00,bos_down,low,87205.5,512.01,bearish,bearish,67451.9
2026-02-05 19:59:59.999000+00:00,bos_down,low,87205.5,521.4079166666667,bearish,bearish,65237.4
2026-02-05 23:59:59.999000+00:00,bos_down,low,87205.5,532.37375,bearish,bearish,62868.1
2026-02-06 03:59:59.999000+00:00,bos_down,low,87205.5,555.7929166666665,bearish,bearish,64138.1
2026-02-06 07:59:59.999000+00:00,bos_down,low,87205.5,564.8191666666667,bearish,bearish,64811.2
2026-02-06 11:59:59.999000+00:00,bos_down,low,87205.5,571.3479166666666,bearish,bearish,66586.1
2026-02-06 15:59:59.999000+00:00,bos_down,low,87205.5,578.7175,bearish,bearish,68577.5
2026-02-06 19:59:59.999000+00:00,bos_down,low,87205.5,584.3283333333334,bearish,bearish,70675.5
2026-02-06 23:59:59.999000+00:00,bos_down,low,87205.5,588.4499999999999,bearish,bearish,70544.5
2026-02-07 03:59:59.999000+00:00,bos_down,low,87205.5,591.4275,bearish,bearish,70887.1
2026-02-07 07:59:59.999000+00:00,bos_down,low,87205.5,608.7212499999999,bearish,bearish,68050.5
2026-02-07 11:59:59.999000+00:00,bos_down,low,87205.5,613.4208333333335,bearish,bearish,67935.1
2026-02-07 15:59:59.999000+00:00,bos_down,low,87205.5,620.5295833333334,bearish,bearish,69122.1
2026-02-07 19:59:59.999000+00:00,bos_down,low,87205.5,625.1183333333335,bearish,bearish,69341.4
2026-02-07 23:59:59.999000+00:00,bos_down,low,87205.5,627.8858333333334,bearish,bearish,69254.2
2026-02-08 03:59:59.999000+00:00,bos_down,low,87205.5,629.3054166666666,bearish,bearish,69064.7
2026-02-08 07:59:59.999000+00:00,bos_down,low,87205.5,630.5854166666667,bearish,bearish,69665.0
2026-02-08 11:59:59.999000+00:00,bos_down,low,87205.5,635.1220833333332,bearish,bearish,70954.0
2026-02-08 15:59:59.999000+00:00,bos_down,low,87205.5,636.0862499999998,bearish,bearish,71152.6
2026-02-08 19:59:59.999000+00:00,bos_down,low,87205.5,631.7108333333333,bearish,bearish,71381.0
2026-02-08 23:59:59.999000+00:00,bos_down,low,87205.5,637.7191666666666,bearish,bearish,70288.1
2026-02-09 03:59:59.999000+00:00,bos_down,low,87205.5,637.5641666666664,bearish,bearish,71269.9
2026-03-04 15:59:59.999000+00:00,choch_up,high,71434.9,446.0208333333332,bearish,bullish,73339.7
2026-03-04 19:59:59.999000+00:00,bos_up,high,71434.9,444.8575,bullish,bullish,73580.2
2026-03-04 23:59:59.999000+00:00,bos_up,high,71434.9,448.48041666666666,bullish,bullish,72641.4
2026-03-05 03:59:59.999000+00:00,bos_up,high,71434.9,449.82416666666666,bullish,bullish,72469.6
2026-03-05 07:59:59.999000+00:00,bos_up,high,71434.9,452.62583333333333,bullish,bullish,72025.5
2026-03-05 11:59:59.999000+00:00,bos_up,high,71434.9,457.09875000000005,bullish,bullish,72879.9
2026-03-16 23:59:59.999000+00:00,bos_up,high,74046.5,416.40874999999994,bullish,bullish,74846.4
2026-03-17 19:59:59.999000+00:00,bos_up,high,74046.5,411.0741666666666,bullish,bullish,74460.8
